{
  "polity": {
    "title": "Polity",
    "icon": "📘",
    "chapters": [
      "Constitution",
      "Fundamental Rights",
      "DPSP",
      "President",
      "Prime Minister",
      "Parliament",
      "Supreme Court",
      "Panchayati Raj"
    ]
  },

  "history": {
    "title": "History",
    "icon": "🏛️",
    "chapters": [
      "Ancient India",
      "Medieval India",
      "Modern India",
      "Indian National Movement"
    ]
  },

  "geography": {
    "title": "Geography",
    "icon": "🌍",
    "chapters": [
      "Indian Geography",
      "World Geography",
      "Climate",
      "Rivers",
      "Soils"
    ]
  },

  "economics": {
    "title": "Economics",
    "icon": "💹",
    "chapters": [
      "Basic Economics",
      "Budget",
      "Banking",
      "Inflation",
      "Taxation"
    ]
  },

  "environment": {
    "title": "Environment",
    "icon": "🌱",
    "chapters": [
      "Ecology",
      "Climate Change",
      "Biodiversity",
      "Environmental Acts"
    ]
  },

  "staticgk": {
    "title": "Static GK",
    "icon": "📚",
    "chapters": [
      "Countries & Capitals",
      "Awards",
      "Books & Authors",
      "Science & Technology"
    ]
  }
}
